pavilion,pavilion_element,real_structure,real_location,source_url,source_tier,disputed,counted,not_counted_reason
Mexico,Exterior pyramid,El Castillo / Temple of Kukulcán,"Chichén Itzá, Yucatán",https://d23.com/11-real-life-landmarks-that-inspired-epcot-world-showcase/,T1,no,yes,
Mexico,Exterior pyramid (competing claim),Temple of the Feathered Serpent / Temple of Quetzalcoatl,"Teotihuacán, State of Mexico",https://allears.net/epcot/mexico-pavilion-world-showcase-epcot/,T3,yes,no,competing attribution of a pavilion element already counted
Mexico,San Ángel Inn Restaurante,"San Ángel Inn (1692, former monastery)","San Ángel, Mexico City",https://en.wikipedia.org/wiki/Mexico_Pavilion_at_Epcot,T2/T3,no,yes,
Norway,Stave church,**Gol Stave Church** (built 1157-1216),"Originally Gol, Hallingdal, Buskerud; relocated to the Norwegian Museum of Cultural History, Bygdøy, Oslo",https://en.wikipedia.org/wiki/Gol_Stave_Church,T2/T3,no,yes,
Norway,Restaurant Akershus / Akershus Royal Banquet Hall,**Akershus Fortress / Castle** (14th c.),Oslo,https://en.wikipedia.org/wiki/Norway_Pavilion_at_Epcot,T2,no,yes,
China,Circular theatre building (Reflections of China / Wondrous China),"**Hall of Prayer for Good Harvests (Qinian Dian)**, in the Temple of Heaven complex, erected early 1400s","Temple of Heaven Park, Beijing",https://d23.com/11-real-life-landmarks-that-inspired-epcot-world-showcase/,T1/T2,no,yes,
Germany,Statue in the Platz,**St. Georgsbrunnen** statue of St. George and the Dragon,"Marktplatz, Rothenburg ob der Tauber, Bavaria",https://d23.com/11-real-life-landmarks-that-inspired-epcot-world-showcase/,T1/T2,no,yes,
Germany,Das Kaufhaus (art/book shop facade),"**Historisches Kaufhaus**, a 16th-century merchants' hall","Freiburg im Breisgau, Baden-Württemberg (Black Forest)",https://touringplans.com/blog/five-things-to-know-about-the-germany-pavilion-in-epcot/,T2/T3,no,yes,
Germany,Backdrop wall / castle facade,**Burg Eltz** (Eltz Castle) on the Mosel,"Wierschem, Rhineland-Palatinate",https://allears.net/epcot/germany-epcot/,T3,no,yes,
Germany,Backdrop wall / castle facade,**Burg Stahleck** (Stahleck Castle) on the Rhine,"Bacharach, Rhineland-Palatinate",https://allears.net/epcot/germany-epcot/,T3,no,yes,
Germany,One exterior facade,A ~400-year-old **town hall** on a square in **Frankfurt**,"Frankfurt, Hesse",https://allears.net/epcot/germany-epcot/,T3,no,yes,
Germany,Chiming clock / Glockenspiel,"**Rathaus-Glockenspiel**, Marienplatz","Munich, Bavaria",https://touringplans.com/blog/five-things-to-know-about-the-germany-pavilion-in-epcot/,T2,no,yes,
Italy,83-foot bell tower,**St Mark's Campanile**,"Piazza San Marco, Venice, Veneto",https://d23.com/11-real-life-landmarks-that-inspired-epcot-world-showcase/,T1/T2,no,yes,
Italy,La Gemma Elegante shop / plaza centrepiece,"**Doge's Palace (Palazzo Ducale)**, 14th c.","Venice, Veneto",https://en.wikipedia.org/wiki/Italy_Pavilion_at_Epcot,T2,no,yes,
Italy,Paired entrance columns,**Columns of San Marco and San Todaro (San Teodoro)**,"Piazzetta San Marco, Venice, Veneto",https://en.wikipedia.org/wiki/Italy_Pavilion_at_Epcot,T2,no,yes,
Italy,Bridge/waterside detail,**Ponte della Paglia**,"Venice, Veneto",https://en.wikipedia.org/wiki/Italy_Pavilion_at_Epcot,T2,no,yes,
Italy,Fontana di Nettuno,A Roman Neptune fountain (see dispute),"Rome, Lazio",https://en.wikipedia.org/wiki/Italy_Pavilion_at_Epcot,T2/T3,no,yes,
The American Adventure,Main pavilion building (Georgian style),**Independence Hall**,"Philadelphia, Pennsylvania",https://d23.com/11-real-life-landmarks-that-inspired-epcot-world-showcase/,T1,no,yes,
The American Adventure,Main pavilion building (composite),**Monticello** (Thomas Jefferson's house),"Charlottesville, Virginia",https://allears.net/2010/03/08/a-walking-tour-of-epcots-american-adventure-pavilion/,T3,no,yes,
The American Adventure,Main pavilion building (composite),**Old State House**,"Boston, Massachusetts",https://allears.net/2010/03/08/a-walking-tour-of-epcots-american-adventure-pavilion/,T3,no,yes,
The American Adventure,Main pavilion building (composite),**Colonial Williamsburg** buildings,"Williamsburg, Virginia",https://allears.net/2010/03/08/a-walking-tour-of-epcots-american-adventure-pavilion/,T3,no,yes,
Japan,Five-storey pagoda (Goju-no-to),Pagoda of **Hōryū-ji** temple (8th c.),"Ikaruga, Nara Prefecture",https://en.wikipedia.org/wiki/Japan_Pavilion_at_Epcot,T2/T3,no,yes,
Japan,Torii gate in the lagoon,Torii of **Itsukushima Shrine**,"Miyajima (Itsukushima), Hiroshima Prefecture",https://d23.com/11-real-life-landmarks-that-inspired-epcot-world-showcase/,T1/T2,no,yes,
Japan,Mitsukoshi department store / main two-storey building,**Shishinden** (Hall for State Ceremonies) of the **Kyoto Imperial Palace (Gosho)**,Kyoto,https://allears.net/2012/02/28/epcots-japan-pavilion-part-two/,T3,no,yes,
Japan,"Castle (named in-park ""Shirasagi-jō"", White Egret Castle)","**Himeji Castle**, whose own nickname is Shirasagi-jō","Himeji, Hyōgo Prefecture",https://allears.net/2012/02/27/epcots-japan-pavilion-part-one/,T3,no,yes,
Japan,Katsura Grill (teahouse),A teahouse of the **Katsura Imperial Villa**,Kyoto,https://allears.net/2012/02/27/epcots-japan-pavilion-part-one/,T3,no,yes,
Morocco,Front prayer tower,"**Koutoubia Minaret** (12th c., Koutoubia Mosque)",Marrakesh,https://d23.com/11-real-life-landmarks-that-inspired-epcot-world-showcase/,T1/T2,no,yes,
Morocco,Gateway to the medina/bazaar area,"**Bab Boujeloud (Bab Bou Jeloud)**, gate to the Fez medina",Fez,https://en.wikipedia.org/wiki/Morocco_Pavilion_at_Epcot,T2,no,yes,
Morocco,Marketplace courtyard fountain,**Nejjarine Fountain**,Fez medina,https://touringplans.com/blog/trip-around-world-morocco/,T2,no,yes,
Morocco,Rear tower,"**Chellah Minaret**, at the Chellah necropolis",Rabat,https://en.wikipedia.org/wiki/Morocco_Pavilion_at_Epcot,T2,no,yes,
Morocco,Wall-mounted water clock,**Dar al-Magana** water clock,Fez,https://yourfirstvisit.net/2017/08/25/a-friday-visit-with-jim-korkis-morocco-in-epcots-world-showcase/,T2,no,yes,
France,Scaled tower on the skyline,**Eiffel Tower** (1889),Paris,https://d23.com/11-real-life-landmarks-that-inspired-epcot-world-showcase/,T1/T2,no,yes,
France,Galerie des Halles shop / Les Halles Boulangerie Patisserie,"**Les Halles**, Victor Baltard's 1850s iron-and-glass market halls (demolished 1971)",Paris,https://allears.net/2011/09/04/epcots-france-pavilion-part-two/,T3,no,yes,
France,Footbridge / overpass into the pavilion,"**Pont des Arts**, the first metal bridge in Paris",Paris,https://allears.net/2011/09/03/epcots-france-pavilion-part-one/,T3,no,yes,
France,Cast gargoyle in the Palais du Cinema lobby,"The ""Spitting Gargoyle"" of **Notre-Dame de Paris**",Paris,https://allears.net/2011/09/04/epcots-france-pavilion-part-two/,T3,no,yes,
France,Palais du Cinema exterior,**A theatre in Fontainebleau** (specific building not named),"Fontainebleau, Île-de-France",https://allears.net/2011/09/04/epcots-france-pavilion-part-two/,T3,no,no,source names no specific real structure
United Kingdom,Shop facade / miniature in the streetscape,"**Hampton Court Palace** (built from the 1500s, reign of Henry VIII)","East Molesey, borough of Richmond upon Thames, Greater London",https://en.wikipedia.org/wiki/United_Kingdom_Pavilion_at_Epcot,T2/T3,no,yes,
United Kingdom,Thatched-roof cottage (the Tea Caddy),"**Anne Hathaway's Cottage**, the family home of Shakespeare's wife","Shottery, Stratford-upon-Avon, Warwickshire",https://en.wikipedia.org/wiki/United_Kingdom_Pavilion_at_Epcot,T2/T3,no,yes,
Canada,Hôtel du Canada,"**Château Laurier**, a Canadian Pacific Railway château-style hotel","Ottawa, Ontario",https://d23.com/11-real-life-landmarks-that-inspired-epcot-world-showcase/,T1/T2,no,yes,
Canada,Victoria Gardens,**Butchart Gardens**,"Brentwood Bay, near Victoria, British Columbia",https://en.wikipedia.org/wiki/Canada_Pavilion_at_Epcot,T2,no,yes,
