date,pavilion,act,performances,set_minutes,daily_minutes,specificity,evidence_quote,source_url
2025-06-10,United Kingdom,Command Performance,5,30,150,specific,Cover band that plays classic British rock and roll.,https://touringplans.com/epcot/attractions/command-performance
2025-06-10,United Kingdom,EPCOT Pianist,7,20,140,generic,"Live music from the resident pianist for EPCOT. Currently found in the Rose & Crowd Pub in the United Kingdom Pavilion, the pianist has also played at the American Adventure Pavilion.",https://touringplans.com/epcot/attractions/rose-crown-pub-musician
2025-06-10,Germany,Entertainment at Germany Gazebo,6,20,120,specific,"See German (mostly musical) performers in the Germany Gazebo, just east of the main Germany Pavilion buildings.",https://touringplans.com/epcot/attractions/entertainment-at-germany-gazebo
2025-06-10,Park-wide (roving),JAMMitors,6,10,60,generic,STOMP-like musical trash can group that plays and entertains.,https://touringplans.com/epcot/attractions/jammitors
2025-06-10,World Showcase Lagoon,Luminous The Symphony of Us,1,18,18,generic,"Nightly spectacular that involves dazzling lights, fireworks, water effects, lasers, and music in and around World Showcase Lagoon.",https://touringplans.com/epcot/attractions/luminous-symphony-us
2025-06-10,Mexico,Mariachi Cobre,7,25,175,specific,Mariachi Cobre is a long-standing Mariachi band that performs on the steps of the Mexico Pavilion.,https://touringplans.com/epcot/attractions/mariachi-cobre
2025-06-10,Italy,Sergio,7,20,140,generic,An entertaining juggling act that involves the crowd watching the show. Performs in the Italy Pavilion in World Showcase.,https://touringplans.com/epcot/attractions/sergio
2025-06-10,The American Adventure,The American Adventure,10,29,290,specific,Patriotic mixed-media and audio-animatronic theater presentation on U.S. history,https://touringplans.com/epcot/attractions/american-adventure
2025-06-10,The American Adventure,Voices of Liberty,7,13,91,specific,Voices of Liberty is a popular a cappella group with a classic Americana repertoire.,https://touringplans.com/epcot/attractions/voices-of-liberty
2025-06-10,World Celebration,¡Celebración Encanto!,6,15,90,generic,Encanto dance- and sing-a-long show on CommuniCore Plaza stage.,https://touringplans.com/epcot/attractions/celebracion-encanto
2025-11-11,United Kingdom,Command Performance,5,30,150,specific,Cover band that plays classic British rock and roll.,https://touringplans.com/epcot/attractions/command-performance
2025-11-11,United Kingdom,EPCOT Pianist,6,20,120,generic,"Live music from the resident pianist for EPCOT. Currently found in the Rose & Crowd Pub in the United Kingdom Pavilion, the pianist has also played at the American Adventure Pavilion.",https://touringplans.com/epcot/attractions/rose-crown-pub-musician
2025-11-11,America Gardens Theatre,Eat to the Beat Concert Series,3,35,105,generic,"World Showcase at EPCOT, specifically the America Gardens Theatre on the lagoon opposite the American Adventure Pavilion",https://touringplans.com/epcot/attractions/eat-to-the-beat-concerts
2025-11-11,Germany,Entertainment at Germany Gazebo,6,20,120,specific,"See German (mostly musical) performers in the Germany Gazebo, just east of the main Germany Pavilion buildings.",https://touringplans.com/epcot/attractions/entertainment-at-germany-gazebo
2025-11-11,Park-wide (roving),JAMMitors,6,10,60,generic,STOMP-like musical trash can group that plays and entertains.,https://touringplans.com/epcot/attractions/jammitors
2025-11-11,World Showcase Lagoon,Luminous The Symphony of Us,1,18,18,generic,"Nightly spectacular that involves dazzling lights, fireworks, water effects, lasers, and music in and around World Showcase Lagoon.",https://touringplans.com/epcot/attractions/luminous-symphony-us
2025-11-11,Mexico,Mariachi Cobre,7,25,175,specific,Mariachi Cobre is a long-standing Mariachi band that performs on the steps of the Mexico Pavilion.,https://touringplans.com/epcot/attractions/mariachi-cobre
2025-11-11,Japan,Matsuriza,7,15,105,specific,Matsuriza is a Japanese Taiko drum show that performs in the Japan pavilion.,https://touringplans.com/epcot/attractions/matsuriza
2025-11-11,Italy,Sergio,7,20,140,generic,An entertaining juggling act that involves the crowd watching the show. Performs in the Italy Pavilion in World Showcase.,https://touringplans.com/epcot/attractions/sergio
2025-11-11,The American Adventure,The American Adventure,10,29,290,specific,Patriotic mixed-media and audio-animatronic theater presentation on U.S. history,https://touringplans.com/epcot/attractions/american-adventure
2025-11-11,The American Adventure,Voices of Liberty,8,13,104,specific,Voices of Liberty is a popular a cappella group with a classic Americana repertoire.,https://touringplans.com/epcot/attractions/voices-of-liberty
2025-11-11,World Celebration,¡Celebración Encanto!,6,15,90,generic,Encanto dance- and sing-a-long show on CommuniCore Plaza stage.,https://touringplans.com/epcot/attractions/celebracion-encanto
2026-01-26,United Kingdom,Command Performance,5,30,150,specific,Cover band that plays classic British rock and roll.,https://touringplans.com/epcot/attractions/command-performance
2026-01-26,America Gardens Theatre,Disney on Broadway Concert Series,3,unknown,unknown,generic,Live Broadway Performers (showtimes listing description; no act page duration found),https://c.touringplans.com/epcot/showtimes/date/2026-01-26
2026-01-26,United Kingdom,EPCOT Pianist,6,20,120,generic,"Live music from the resident pianist for EPCOT. Currently found in the Rose & Crowd Pub in the United Kingdom Pavilion, the pianist has also played at the American Adventure Pavilion.",https://touringplans.com/epcot/attractions/rose-crown-pub-musician
2026-01-26,Germany,Entertainment at Germany Gazebo,6,20,120,specific,"See German (mostly musical) performers in the Germany Gazebo, just east of the main Germany Pavilion buildings.",https://touringplans.com/epcot/attractions/entertainment-at-germany-gazebo
2026-01-26,Park-wide (roving),JAMMitors,6,10,60,generic,STOMP-like musical trash can group that plays and entertains.,https://touringplans.com/epcot/attractions/jammitors
2026-01-26,World Showcase Lagoon,Luminous The Symphony of Us,1,18,18,generic,"Nightly spectacular that involves dazzling lights, fireworks, water effects, lasers, and music in and around World Showcase Lagoon.",https://touringplans.com/epcot/attractions/luminous-symphony-us
2026-01-26,Mexico,Mariachi Cobre,7,25,175,specific,Mariachi Cobre is a long-standing Mariachi band that performs on the steps of the Mexico Pavilion.,https://touringplans.com/epcot/attractions/mariachi-cobre
2026-01-26,Japan,Matsuriza,7,15,105,specific,Matsuriza is a Japanese Taiko drum show that performs in the Japan pavilion.,https://touringplans.com/epcot/attractions/matsuriza
2026-01-26,The American Adventure,The American Adventure,10,29,290,specific,Patriotic mixed-media and audio-animatronic theater presentation on U.S. history,https://touringplans.com/epcot/attractions/american-adventure
2026-01-26,The American Adventure,Voices of Liberty,7,13,91,specific,Voices of Liberty is a popular a cappella group with a classic Americana repertoire.,https://touringplans.com/epcot/attractions/voices-of-liberty
2026-01-26,World Celebration,¡Celebración Encanto!,6,15,90,generic,Encanto dance- and sing-a-long show on CommuniCore Plaza stage.,https://touringplans.com/epcot/attractions/celebracion-encanto
2026-03-16,Morocco,Atlas Fusion,7,15,105,specific,Traditional Gnawa and Moroccan music on the World Showcase Promenade outside the Morocco Pavilion.,https://touringplans.com/epcot/attractions/atlas-fusion
2026-03-16,United Kingdom,Command Performance,5,30,150,specific,Cover band that plays classic British rock and roll.,https://touringplans.com/epcot/attractions/command-performance
2026-03-16,United Kingdom,EPCOT Pianist,6,20,120,generic,"Live music from the resident pianist for EPCOT. Currently found in the Rose & Crowd Pub in the United Kingdom Pavilion, the pianist has also played at the American Adventure Pavilion.",https://touringplans.com/epcot/attractions/rose-crown-pub-musician
2026-03-16,Germany,Entertainment at Germany Gazebo,6,20,120,specific,"See German (mostly musical) performers in the Germany Gazebo, just east of the main Germany Pavilion buildings.",https://touringplans.com/epcot/attractions/entertainment-at-germany-gazebo
2026-03-16,America Gardens Theatre,Garden Rocks Concert Series,3,30,90,generic,Musical acts from the past perform in Garden Rocks Concerts that take place in America Gardens Theatre daily during EPCOT's International Flower & Garden Festival each year.,https://touringplans.com/epcot/attractions/garden-rocks-concert-series
2026-03-16,Park-wide (roving),JAMMitors,6,10,60,generic,STOMP-like musical trash can group that plays and entertains.,https://touringplans.com/epcot/attractions/jammitors
2026-03-16,World Showcase Lagoon,Luminous The Symphony of Us,1,18,18,generic,"Nightly spectacular that involves dazzling lights, fireworks, water effects, lasers, and music in and around World Showcase Lagoon.",https://touringplans.com/epcot/attractions/luminous-symphony-us
2026-03-16,Mexico,Mariachi Cobre,7,25,175,specific,Mariachi Cobre is a long-standing Mariachi band that performs on the steps of the Mexico Pavilion.,https://touringplans.com/epcot/attractions/mariachi-cobre
2026-03-16,Japan,Matsuriza,7,15,105,specific,Matsuriza is a Japanese Taiko drum show that performs in the Japan pavilion.,https://touringplans.com/epcot/attractions/matsuriza
2026-03-16,The American Adventure,The American Adventure,10,29,290,specific,Patriotic mixed-media and audio-animatronic theater presentation on U.S. history,https://touringplans.com/epcot/attractions/american-adventure
2026-03-16,The American Adventure,Voices of Liberty,7,13,91,specific,Voices of Liberty is a popular a cappella group with a classic Americana repertoire.,https://touringplans.com/epcot/attractions/voices-of-liberty
2026-03-16,World Celebration,¡Celebración Encanto!,6,15,90,generic,Encanto dance- and sing-a-long show on CommuniCore Plaza stage.,https://touringplans.com/epcot/attractions/celebracion-encanto
2026-09-08,United Kingdom,Command Performance,5,30,150,specific,Cover band that plays classic British rock and roll.,https://touringplans.com/epcot/attractions/command-performance
2026-09-08,United Kingdom,EPCOT Pianist,6,20,120,generic,"Live music from the resident pianist for EPCOT. Currently found in the Rose & Crowd Pub in the United Kingdom Pavilion, the pianist has also played at the American Adventure Pavilion.",https://touringplans.com/epcot/attractions/rose-crown-pub-musician
2026-09-08,America Gardens Theatre,Eat to the Beat Concert Series,3,35,105,generic,"World Showcase at EPCOT, specifically the America Gardens Theatre on the lagoon opposite the American Adventure Pavilion",https://touringplans.com/epcot/attractions/eat-to-the-beat-concerts
2026-09-08,Germany,Entertainment at Germany Gazebo,6,20,120,specific,"See German (mostly musical) performers in the Germany Gazebo, just east of the main Germany Pavilion buildings.",https://touringplans.com/epcot/attractions/entertainment-at-germany-gazebo
2026-09-08,Park-wide (roving),JAMMitors,7,10,70,generic,STOMP-like musical trash can group that plays and entertains.,https://touringplans.com/epcot/attractions/jammitors
2026-09-08,World Showcase Lagoon,Luminous The Symphony of Us,1,18,18,generic,"Nightly spectacular that involves dazzling lights, fireworks, water effects, lasers, and music in and around World Showcase Lagoon.",https://touringplans.com/epcot/attractions/luminous-symphony-us
2026-09-08,Mexico,Mariachi Cobre,7,25,175,specific,Mariachi Cobre is a long-standing Mariachi band that performs on the steps of the Mexico Pavilion.,https://touringplans.com/epcot/attractions/mariachi-cobre
2026-09-08,World Celebration,Max & Aydar - Amazing Masters of Variety,6,15,90,generic,"Entertaining duo that juggles, balances, and generally entertains.",https://touringplans.com/epcot/attractions/max-aydar
2026-09-08,Italy,Sergio,7,20,140,generic,An entertaining juggling act that involves the crowd watching the show. Performs in the Italy Pavilion in World Showcase.,https://touringplans.com/epcot/attractions/sergio
2026-09-08,The American Adventure,The American Adventure,10,29,290,specific,Patriotic mixed-media and audio-animatronic theater presentation on U.S. history,https://touringplans.com/epcot/attractions/american-adventure
2026-09-08,The American Adventure,Voices of Liberty,7,13,91,specific,Voices of Liberty is a popular a cappella group with a classic Americana repertoire.,https://touringplans.com/epcot/attractions/voices-of-liberty
2026-09-08,World Celebration,¡Celebración Encanto!,6,15,90,generic,Encanto dance- and sing-a-long show on CommuniCore Plaza stage.,https://touringplans.com/epcot/attractions/celebracion-encanto
2026-09-29,United Kingdom,Command Performance,5,30,150,specific,Cover band that plays classic British rock and roll.,https://touringplans.com/epcot/attractions/command-performance
2026-09-29,United Kingdom,EPCOT Pianist,6,20,120,generic,"Live music from the resident pianist for EPCOT. Currently found in the Rose & Crowd Pub in the United Kingdom Pavilion, the pianist has also played at the American Adventure Pavilion.",https://touringplans.com/epcot/attractions/rose-crown-pub-musician
2026-09-29,America Gardens Theatre,Eat to the Beat Concert Series,3,35,105,generic,"World Showcase at EPCOT, specifically the America Gardens Theatre on the lagoon opposite the American Adventure Pavilion",https://touringplans.com/epcot/attractions/eat-to-the-beat-concerts
2026-09-29,Germany,Entertainment at Germany Gazebo,6,20,120,specific,"See German (mostly musical) performers in the Germany Gazebo, just east of the main Germany Pavilion buildings.",https://touringplans.com/epcot/attractions/entertainment-at-germany-gazebo
2026-09-29,Park-wide (roving),JAMMitors,7,10,70,generic,STOMP-like musical trash can group that plays and entertains.,https://touringplans.com/epcot/attractions/jammitors
2026-09-29,World Showcase Lagoon,Luminous The Symphony of Us,1,18,18,generic,"Nightly spectacular that involves dazzling lights, fireworks, water effects, lasers, and music in and around World Showcase Lagoon.",https://touringplans.com/epcot/attractions/luminous-symphony-us
2026-09-29,Mexico,Mariachi Cobre,7,25,175,specific,Mariachi Cobre is a long-standing Mariachi band that performs on the steps of the Mexico Pavilion.,https://touringplans.com/epcot/attractions/mariachi-cobre
2026-09-29,World Celebration,Max & Aydar - Amazing Masters of Variety,6,15,90,generic,"Entertaining duo that juggles, balances, and generally entertains.",https://touringplans.com/epcot/attractions/max-aydar
2026-09-29,Italy,Sergio,7,20,140,generic,An entertaining juggling act that involves the crowd watching the show. Performs in the Italy Pavilion in World Showcase.,https://touringplans.com/epcot/attractions/sergio
2026-09-29,The American Adventure,The American Adventure,10,29,290,specific,Patriotic mixed-media and audio-animatronic theater presentation on U.S. history,https://touringplans.com/epcot/attractions/american-adventure
2026-09-29,The American Adventure,Voices of Liberty,7,13,91,specific,Voices of Liberty is a popular a cappella group with a classic Americana repertoire.,https://touringplans.com/epcot/attractions/voices-of-liberty
2026-09-29,World Celebration,¡Celebración Encanto!,6,15,90,generic,Encanto dance- and sing-a-long show on CommuniCore Plaza stage.,https://touringplans.com/epcot/attractions/celebracion-encanto
2026-09-30,Morocco,Atlas Fusion,7,15,105,specific,Traditional Gnawa and Moroccan music on the World Showcase Promenade outside the Morocco Pavilion.,https://touringplans.com/epcot/attractions/atlas-fusion
2026-09-30,United Kingdom,EPCOT Pianist,6,20,120,generic,"Live music from the resident pianist for EPCOT. Currently found in the Rose & Crowd Pub in the United Kingdom Pavilion, the pianist has also played at the American Adventure Pavilion.",https://touringplans.com/epcot/attractions/rose-crown-pub-musician
2026-09-30,America Gardens Theatre,Eat to the Beat Concert Series,3,35,105,generic,"World Showcase at EPCOT, specifically the America Gardens Theatre on the lagoon opposite the American Adventure Pavilion",https://touringplans.com/epcot/attractions/eat-to-the-beat-concerts
2026-09-30,Canada,Entertainment at Canada Mill Stage,5,25,125,specific,The Canada Mill Stage on the UK side of the pavilion is home to various modern Canadian music acts.,https://touringplans.com/epcot/attractions/entertainment-at-canada-mill-stage
2026-09-30,Park-wide (roving),JAMMitors,7,10,70,generic,STOMP-like musical trash can group that plays and entertains.,https://touringplans.com/epcot/attractions/jammitors
2026-09-30,World Showcase Lagoon,Luminous The Symphony of Us,1,18,18,generic,"Nightly spectacular that involves dazzling lights, fireworks, water effects, lasers, and music in and around World Showcase Lagoon.",https://touringplans.com/epcot/attractions/luminous-symphony-us
2026-09-30,Mexico,Mariachi Cobre,7,25,175,specific,Mariachi Cobre is a long-standing Mariachi band that performs on the steps of the Mexico Pavilion.,https://touringplans.com/epcot/attractions/mariachi-cobre
2026-09-30,World Celebration,Max & Aydar - Amazing Masters of Variety,6,15,90,generic,"Entertaining duo that juggles, balances, and generally entertains.",https://touringplans.com/epcot/attractions/max-aydar
2026-09-30,Italy,Sergio,7,20,140,generic,An entertaining juggling act that involves the crowd watching the show. Performs in the Italy Pavilion in World Showcase.,https://touringplans.com/epcot/attractions/sergio
2026-09-30,The American Adventure,The American Adventure,10,29,290,specific,Patriotic mixed-media and audio-animatronic theater presentation on U.S. history,https://touringplans.com/epcot/attractions/american-adventure
2026-09-30,The American Adventure,Voices of Liberty,7,13,91,specific,Voices of Liberty is a popular a cappella group with a classic Americana repertoire.,https://touringplans.com/epcot/attractions/voices-of-liberty
2026-09-30,World Celebration,¡Celebración Encanto!,6,15,90,generic,Encanto dance- and sing-a-long show on CommuniCore Plaza stage.,https://touringplans.com/epcot/attractions/celebracion-encanto
