pavilion,ride_film_min,ride_film_note,permanent_shops,exhibits,arch_refs,arch_coherence
Mexico,7.5,"Gran Fiesta Tour duration disputed 5-8 min; midpoint used",3,1,3,pastiche
Norway,5,"Frozen Ever After",1,1,2,pastiche
China,12.5,"Reflections of China; Wondrous China never opened",1,1,1,coherent
Germany,0,"no ride or film",8,1,6,pastiche
Italy,0,"no ride or film",2,0,5,coherent
The American Adventure,28.5,"theater show",1,1,4,pastiche
Japan,0,"no ride or film",1,1,5,pastiche
Morocco,0,"no ride or film",1,2,5,pastiche
France,37.7,"Remy plus two films that alternate in one theater; not all seeable in one visit",5,0,4,coherent
United Kingdom,0,"no ride or film",5,0,2,pastiche
Canada,13.5,"Canada Far and Wide runtime disputed 12-15 min; midpoint used",2,0,2,pastiche
