pavilion,things_to_do_rank,food_rank,authenticity_rank,ride_film_min,live_guest_min,guest_min,live_min_day,exhibits,venues,menu_items,signature,menu_native_share,ent_specific_share,arch_refs,arch_coherence,menu_items_unclear
Mexico,3.0,3.5,7.0,7.5,25.0,32.5,175.0,1,5,164,0,0.5093,1.0,2,pastiche,3
Norway,10.0,10.0,10.0,5.0,0.0,5.0,0.0,1,2,58,0,0.2222,,2,pastiche,4
China,8.0,7.0,9.0,12.5,0.0,12.5,0.0,1,3,111,0,0.3396,,1,coherent,5
Germany,5.0,9.0,3.0,0.0,17.1,17.1,102.9,1,3,88,0,0.3882,1.0,6,pastiche,3
Italy,7.0,3.5,4.0,0.0,14.3,14.3,100.0,0,4,239,0,0.6314,0.0,5,coherent,3
The American Adventure,1.0,6.0,,28.5,13.0,41.5,92.9,1,4,93,0,0.4624,1.0,4,pastiche,0
Japan,9.0,2.0,1.0,0.0,6.4,6.4,45.0,1,5,236,1,0.6624,1.0,5,pastiche,2
Morocco,11.0,11.0,6.0,0.0,4.3,4.3,30.0,2,2,54,0,0.25,1.0,5,pastiche,6
France,2.0,1.0,2.0,37.7,0.0,37.7,0.0,0,7,269,1,0.7649,,4,coherent,1
United Kingdom,4.0,8.0,5.0,0.0,25.7,25.7,128.6,0,3,101,0,0.5714,1.0,2,pastiche,10
Canada,6.0,5.0,8.0,13.5,3.6,17.1,17.9,0,3,83,1,0.2625,1.0,2,pastiche,3
