shop,area,in_world_showcase,pavilion,note
Art of Disney,World Showcase,yes,The American Adventure,
Capsule Toy Kiosk,unclear,no,,"not placed by the directory; excluded"
Club Cool,World Celebration,no,,
Collectible Medallion Machines,park-wide,no,,"machines, not a shop"
Creations Shop,World Celebration,no,,
The Crown & Crest,World Showcase,yes,United Kingdom,
Der Teddybar,World Showcase,yes,Germany,
Disney Traders,World Showcase entrance,no,,"entrance plaza, not a country pavilion"
El Ranchito del Norte,World Showcase,yes,Mexico,
The Fjording,World Showcase,yes,Norway,
Gateway Gifts,World Celebration,no,,
Glaskunst,World Showcase,yes,Germany,
Il Bel Cristallo,World Showcase,yes,Italy,
ImageWorks,World Nature,no,,
Karamell-Kuche,World Showcase,yes,Germany,"also a food venue"
La Bottega Italiana,World Showcase,yes,Italy,
La Princesa de Cristal - Mexico,World Showcase,yes,Mexico,
La Tienda Encantada,World Showcase,yes,Mexico,
Marketplace in the Medina,World Showcase,yes,Morocco,"listed Temporarily Unavailable"
Mission SPACE Cargo Bay,World Discovery,no,,
Mitsukoshi Department Store,World Showcase,yes,Japan,
Pin Traders - Camera Center,World Celebration,no,,
Plaza de los Amigos,World Showcase,yes,Mexico,
Plume et Palette,World Showcase,yes,France,
Port of Entry,World Showcase entrance,no,,"entrance plaza, not a country pavilion"
SeaBase Gift Shop,World Nature,no,,
The Tea Caddy,World Showcase,yes,United Kingdom,
Test Track Gear Shop,World Discovery,no,,
Trading Post,World Showcase,yes,Canada,
Treasures of Xandar,World Discovery,no,,
Village Traders,African Outpost,no,,"between China and Germany, belongs to neither"
World Traveler,International Gateway,no,,
